id,sequence,label
nucleus_1,AKRQTNNPDEGKKRKNNATPSGKKRKASDEGKKRKQNNPTGASD,nucleus
nucleus_2,KRQNSTPDEGAKKRKQNNATPGDEKKRKKRSTPNQDEGKKRKAS,nucleus
nucleus_3,QNKRATPSDEGKKRKNNQQTPASDEGKKRKAKRSTPNDEGKKRK,nucleus
nucleus_4,AKRSTPDEGNQKKRKNNATPSDEGKKRKQNNATPGDEGKKRKAS,nucleus
nucleus_5,KRQNSTPDEGAKKRKQNNATPGDEKKRKKRSTPNQDEGKKRKAA,nucleus
nucleus_6,QNKRATPSDEGKKRKNNQQTPASDEGKKRKAKRSTPNDEGKKRKA,nucleus
nucleus_7,AKRQTNNPDEGKKRKNNATPSGKKRKASDEGKKRKQNNPTGASDK,nucleus
nucleus_8,KRQNSTPDEGAKKRKQNNATPGDEKKRKKRSTPNQDEGKKRKASA,nucleus
nucleus_9,QNKRATPSDEGKKRKNNQQTPASDEGKKRKAKRSTPNDEGKKRKAA,nucleus
nucleus_10,AKRSTPDEGNQKKRKNNATPSDEGKKRKQNNATPGDEGKKRKASD,nucleus
membrane_1,LIVAFWMGSTCNQLVVAILIVAFWMSGTCNQLVVAILIVAFWMG,membrane
membrane_2,IVLAFWMGSTCNQLVVAILIVAFWMSGTCNQLVVAILIVAFWMGS,membrane
membrane_3,LVIAFWMGSTCNQLVVAILIVAFWMSGTCNQLVVAILIVAFWMGT,membrane
membrane_4,LIVAFWMGSTCNQLVVAILIVAFWMSGTCNQLVVAILIVAFWMSG,membrane
membrane_5,IVLAFWMGSTCNQLVVAILIVAFWMSGTCNQLVVAILIVAFWMGA,membrane
membrane_6,LVIAFWMGSTCNQLVVAILIVAFWMSGTCNQLVVAILIVAFWMGC,membrane
membrane_7,LIVAFWMGSTCNQLVVAILIVAFWMSGTCNQLVVAILIVAFWMST,membrane
membrane_8,IVLAFWMGSTCNQLVVAILIVAFWMSGTCNQLVVAILIVAFWMSN,membrane
membrane_9,LVIAFWMGSTCNQLVVAILIVAFWMSGTCNQLVVAILIVAFWMSQ,membrane
membrane_10,LIVAFWMGSTCNQLVVAILIVAFWMSGTCNQLVVAILIVAFWMSC,membrane
cytoplasm_1,ADEGSTNPQHCMRDEDEADEGSTNPQHCMRDEDEADEGSTNPQHCM,cytoplasm
cytoplasm_2,DEAGSTNPQHCMRADEDEADEGSTNPQHCMRDEDEADEGSTNPQHC,cytoplasm
cytoplasm_3,ADEGSTNPQHCMRDEDEADEGSTNPQHCMRDEDEADEGSTNPQHCA,cytoplasm
cytoplasm_4,DEAGSTNPQHCMRADEDEADEGSTNPQHCMRDEDEADEGSTNPQHM,cytoplasm
cytoplasm_5,ADEGSTNPQHCMRDEDEADEGSTNPQHCMRDEDEADEGSTNPQHCR,cytoplasm
cytoplasm_6,DEAGSTNPQHCMRADEDEADEGSTNPQHCMRDEDEADEGSTNPQHS,cytoplasm
cytoplasm_7,ADEGSTNPQHCMRDEDEADEGSTNPQHCMRDEDEADEGSTNPQHCT,cytoplasm
cytoplasm_8,DEAGSTNPQHCMRADEDEADEGSTNPQHCMRDEDEADEGSTNPQHG,cytoplasm
cytoplasm_9,ADEGSTNPQHCMRDEDEADEGSTNPQHCMRDEDEADEGSTNPQHCP,cytoplasm
cytoplasm_10,DEAGSTNPQHCMRADEDEADEGSTNPQHCMRDEDEADEGSTNPQHN,cytoplasm